ObjectName,ObjectType,PrincipalName,PrincipalType,ActiveDirectoryRights,ACEType,AccessControlType,IsInherited
ADMINISTRATORS@CYBERSPACEKITTENS.LOCAL,group,DOMAIN ADMINS@CYBERSPACEKITTENS.LOCAL,group,Owner,,AccessAllowed,False
USERS@CYBERSPACEKITTENS.LOCAL,group,Administrators@cyberspacekittens.local,GROUP,Owner,,AccessAllowed,False
USERS@CYBERSPACEKITTENS.LOCAL,group,DOMAIN ADMINS@CYBERSPACEKITTENS.LOCAL,group,GenericAll,,AccessAllowed,False
USERS@CYBERSPACEKITTENS.LOCAL,group,Account Operators@cyberspacekittens.local,GROUP,GenericAll,,AccessAllowed,False
USERS@CYBERSPACEKITTENS.LOCAL,group,ENTERPRISE ADMINS@CYBERSPACEKITTENS.LOCAL,group,GenericAll,,AccessAllowed,True
USERS@CYBERSPACEKITTENS.LOCAL,group,Administrators@cyberspacekittens.local,GROUP,WriteOwner,,AccessAllowed,True
USERS@CYBERSPACEKITTENS.LOCAL,group,Administrators@cyberspacekittens.local,GROUP,WriteDacl,,AccessAllowed,True
USERS@CYBERSPACEKITTENS.LOCAL,group,Administrators@cyberspacekittens.local,GROUP,ExtendedRight,All,AccessAllowed,True
GUESTS@CYBERSPACEKITTENS.LOCAL,group,Administrators@cyberspacekittens.local,GROUP,Owner,,AccessAllowed,False
GUESTS@CYBERSPACEKITTENS.LOCAL,group,DOMAIN ADMINS@CYBERSPACEKITTENS.LOCAL,group,GenericAll,,AccessAllowed,False
GUESTS@CYBERSPACEKITTENS.LOCAL,group,Account Operators@cyberspacekittens.local,GROUP,GenericAll,,AccessAllowed,False
GUESTS@CYBERSPACEKITTENS.LOCAL,group,ENTERPRISE ADMINS@CYBERSPACEKITTENS.LOCAL,group,GenericAll,,AccessAllowed,True
GUESTS@CYBERSPACEKITTENS.LOCAL,group,Administrators@cyberspacekittens.local,GROUP,WriteOwner,,AccessAllowed,True
GUESTS@CYBERSPACEKITTENS.LOCAL,group,Administrators@cyberspacekittens.local,GROUP,WriteDacl,,AccessAllowed,True
GUESTS@CYBERSPACEKITTENS.LOCAL,group,Administrators@cyberspacekittens.local,GROUP,ExtendedRight,All,AccessAllowed,True
PRINT OPERATORS@CYBERSPACEKITTENS.LOCAL,group,DOMAIN ADMINS@CYBERSPACEKITTENS.LOCAL,group,Owner,,AccessAllowed,False
BACKUP OPERATORS@CYBERSPACEKITTENS.LOCAL,group,DOMAIN ADMINS@CYBERSPACEKITTENS.LOCAL,group,Owner,,AccessAllowed,False
REPLICATOR@CYBERSPACEKITTENS.LOCAL,group,DOMAIN ADMINS@CYBERSPACEKITTENS.LOCAL,group,Owner,,AccessAllowed,False
REMOTE DESKTOP USERS@CYBERSPACEKITTENS.LOCAL,group,Administrators@cyberspacekittens.local,GROUP,Owner,,AccessAllowed,False
REMOTE DESKTOP USERS@CYBERSPACEKITTENS.LOCAL,group,DOMAIN ADMINS@CYBERSPACEKITTENS.LOCAL,group,GenericAll,,AccessAllowed,False
REMOTE DESKTOP USERS@CYBERSPACEKITTENS.LOCAL,group,Account Operators@cyberspacekittens.local,GROUP,GenericAll,,AccessAllowed,False
REMOTE DESKTOP USERS@CYBERSPACEKITTENS.LOCAL,group,ENTERPRISE ADMINS@CYBERSPACEKITTENS.LOCAL,group,GenericAll,,AccessAllowed,True
REMOTE DESKTOP USERS@CYBERSPACEKITTENS.LOCAL,group,Administrators@cyberspacekittens.local,GROUP,WriteOwner,,AccessAllowed,True
REMOTE DESKTOP USERS@CYBERSPACEKITTENS.LOCAL,group,Administrators@cyberspacekittens.local,GROUP,WriteDacl,,AccessAllowed,True
REMOTE DESKTOP USERS@CYBERSPACEKITTENS.LOCAL,group,Administrators@cyberspacekittens.local,GROUP,ExtendedRight,All,AccessAllowed,True
NETWORK CONFIGURATION OPERATORS@CYBERSPACEKITTENS.LOCAL,group,Administrators@cyberspacekittens.local,GROUP,Owner,,AccessAllowed,False
NETWORK CONFIGURATION OPERATORS@CYBERSPACEKITTENS.LOCAL,group,DOMAIN ADMINS@CYBERSPACEKITTENS.LOCAL,group,GenericAll,,AccessAllowed,False
NETWORK CONFIGURATION OPERATORS@CYBERSPACEKITTENS.LOCAL,group,Account Operators@cyberspacekittens.local,GROUP,GenericAll,,AccessAllowed,False
NETWORK CONFIGURATION OPERATORS@CYBERSPACEKITTENS.LOCAL,group,ENTERPRISE ADMINS@CYBERSPACEKITTENS.LOCAL,group,GenericAll,,AccessAllowed,True
NETWORK CONFIGURATION OPERATORS@CYBERSPACEKITTENS.LOCAL,group,Administrators@cyberspacekittens.local,GROUP,WriteOwner,,AccessAllowed,True
NETWORK CONFIGURATION OPERATORS@CYBERSPACEKITTENS.LOCAL,group,Administrators@cyberspacekittens.local,GROUP,WriteDacl,,AccessAllowed,True
NETWORK CONFIGURATION OPERATORS@CYBERSPACEKITTENS.LOCAL,group,Administrators@cyberspacekittens.local,GROUP,ExtendedRight,All,AccessAllowed,True
PERFORMANCE MONITOR USERS@CYBERSPACEKITTENS.LOCAL,group,Administrators@cyberspacekittens.local,GROUP,Owner,,AccessAllowed,False
PERFORMANCE MONITOR USERS@CYBERSPACEKITTENS.LOCAL,group,DOMAIN ADMINS@CYBERSPACEKITTENS.LOCAL,group,GenericAll,,AccessAllowed,False
PERFORMANCE MONITOR USERS@CYBERSPACEKITTENS.LOCAL,group,Account Operators@cyberspacekittens.local,GROUP,GenericAll,,AccessAllowed,False
PERFORMANCE MONITOR USERS@CYBERSPACEKITTENS.LOCAL,group,ENTERPRISE ADMINS@CYBERSPACEKITTENS.LOCAL,group,GenericAll,,AccessAllowed,True
PERFORMANCE MONITOR USERS@CYBERSPACEKITTENS.LOCAL,group,Administrators@cyberspacekittens.local,GROUP,WriteOwner,,AccessAllowed,True
PERFORMANCE MONITOR USERS@CYBERSPACEKITTENS.LOCAL,group,Administrators@cyberspacekittens.local,GROUP,WriteDacl,,AccessAllowed,True
PERFORMANCE MONITOR USERS@CYBERSPACEKITTENS.LOCAL,group,Administrators@cyberspacekittens.local,GROUP,ExtendedRight,All,AccessAllowed,True
PERFORMANCE LOG USERS@CYBERSPACEKITTENS.LOCAL,group,Administrators@cyberspacekittens.local,GROUP,Owner,,AccessAllowed,False
PERFORMANCE LOG USERS@CYBERSPACEKITTENS.LOCAL,group,DOMAIN ADMINS@CYBERSPACEKITTENS.LOCAL,group,GenericAll,,AccessAllowed,False
PERFORMANCE LOG USERS@CYBERSPACEKITTENS.LOCAL,group,Account Operators@cyberspacekittens.local,GROUP,GenericAll,,AccessAllowed,False
PERFORMANCE LOG USERS@CYBERSPACEKITTENS.LOCAL,group,ENTERPRISE ADMINS@CYBERSPACEKITTENS.LOCAL,group,GenericAll,,AccessAllowed,True
PERFORMANCE LOG USERS@CYBERSPACEKITTENS.LOCAL,group,Administrators@cyberspacekittens.local,GROUP,WriteOwner,,AccessAllowed,True
PERFORMANCE LOG USERS@CYBERSPACEKITTENS.LOCAL,group,Administrators@cyberspacekittens.local,GROUP,WriteDacl,,AccessAllowed,True
PERFORMANCE LOG USERS@CYBERSPACEKITTENS.LOCAL,group,Administrators@cyberspacekittens.local,GROUP,ExtendedRight,All,AccessAllowed,True
ADMINISTRATORS@CYBERSPACEKITTENS.LOCAL,group,DOMAIN ADMINS@CYBERSPACEKITTENS.LOCAL,group,WriteOwner,,AccessAllowed,False
ADMINISTRATORS@CYBERSPACEKITTENS.LOCAL,group,DOMAIN ADMINS@CYBERSPACEKITTENS.LOCAL,group,WriteDacl,,AccessAllowed,False
ADMINISTRATORS@CYBERSPACEKITTENS.LOCAL,group,DOMAIN ADMINS@CYBERSPACEKITTENS.LOCAL,group,ExtendedRight,All,AccessAllowed,False
ADMINISTRATORS@CYBERSPACEKITTENS.LOCAL,group,ENTERPRISE ADMINS@CYBERSPACEKITTENS.LOCAL,group,WriteOwner,,AccessAllowed,False
ADMINISTRATORS@CYBERSPACEKITTENS.LOCAL,group,ENTERPRISE ADMINS@CYBERSPACEKITTENS.LOCAL,group,WriteDacl,,AccessAllowed,False
ADMINISTRATORS@CYBERSPACEKITTENS.LOCAL,group,ENTERPRISE ADMINS@CYBERSPACEKITTENS.LOCAL,group,ExtendedRight,All,AccessAllowed,False
ADMINISTRATORS@CYBERSPACEKITTENS.LOCAL,group,Administrators@cyberspacekittens.local,GROUP,WriteOwner,,AccessAllowed,False
ADMINISTRATORS@CYBERSPACEKITTENS.LOCAL,group,Administrators@cyberspacekittens.local,GROUP,WriteDacl,,AccessAllowed,False
ADMINISTRATORS@CYBERSPACEKITTENS.LOCAL,group,Administrators@cyberspacekittens.local,GROUP,ExtendedRight,All,AccessAllowed,False
DISTRIBUTED COM USERS@CYBERSPACEKITTENS.LOCAL,group,Administrators@cyberspacekittens.local,GROUP,Owner,,AccessAllowed,False
DISTRIBUTED COM USERS@CYBERSPACEKITTENS.LOCAL,group,DOMAIN ADMINS@CYBERSPACEKITTENS.LOCAL,group,GenericAll,,AccessAllowed,False
DISTRIBUTED COM USERS@CYBERSPACEKITTENS.LOCAL,group,Account Operators@cyberspacekittens.local,GROUP,GenericAll,,AccessAllowed,False
DISTRIBUTED COM USERS@CYBERSPACEKITTENS.LOCAL,group,ENTERPRISE ADMINS@CYBERSPACEKITTENS.LOCAL,group,GenericAll,,AccessAllowed,True
DISTRIBUTED COM USERS@CYBERSPACEKITTENS.LOCAL,group,Administrators@cyberspacekittens.local,GROUP,WriteOwner,,AccessAllowed,True
DISTRIBUTED COM USERS@CYBERSPACEKITTENS.LOCAL,group,Administrators@cyberspacekittens.local,GROUP,WriteDacl,,AccessAllowed,True
DISTRIBUTED COM USERS@CYBERSPACEKITTENS.LOCAL,group,Administrators@cyberspacekittens.local,GROUP,ExtendedRight,All,AccessAllowed,True
PRINT OPERATORS@CYBERSPACEKITTENS.LOCAL,group,DOMAIN ADMINS@CYBERSPACEKITTENS.LOCAL,group,WriteOwner,,AccessAllowed,False
PRINT OPERATORS@CYBERSPACEKITTENS.LOCAL,group,DOMAIN ADMINS@CYBERSPACEKITTENS.LOCAL,group,WriteDacl,,AccessAllowed,False
PRINT OPERATORS@CYBERSPACEKITTENS.LOCAL,group,DOMAIN ADMINS@CYBERSPACEKITTENS.LOCAL,group,ExtendedRight,All,AccessAllowed,False
PRINT OPERATORS@CYBERSPACEKITTENS.LOCAL,group,ENTERPRISE ADMINS@CYBERSPACEKITTENS.LOCAL,group,WriteOwner,,AccessAllowed,False
PRINT OPERATORS@CYBERSPACEKITTENS.LOCAL,group,ENTERPRISE ADMINS@CYBERSPACEKITTENS.LOCAL,group,WriteDacl,,AccessAllowed,False
PRINT OPERATORS@CYBERSPACEKITTENS.LOCAL,group,ENTERPRISE ADMINS@CYBERSPACEKITTENS.LOCAL,group,ExtendedRight,All,AccessAllowed,False
PRINT OPERATORS@CYBERSPACEKITTENS.LOCAL,group,Administrators@cyberspacekittens.local,GROUP,WriteOwner,,AccessAllowed,False
PRINT OPERATORS@CYBERSPACEKITTENS.LOCAL,group,Administrators@cyberspacekittens.local,GROUP,WriteDacl,,AccessAllowed,False
PRINT OPERATORS@CYBERSPACEKITTENS.LOCAL,group,Administrators@cyberspacekittens.local,GROUP,ExtendedRight,All,AccessAllowed,False
IIS_IUSRS@CYBERSPACEKITTENS.LOCAL,group,Administrators@cyberspacekittens.local,GROUP,Owner,,AccessAllowed,False
IIS_IUSRS@CYBERSPACEKITTENS.LOCAL,group,DOMAIN ADMINS@CYBERSPACEKITTENS.LOCAL,group,GenericAll,,AccessAllowed,False
IIS_IUSRS@CYBERSPACEKITTENS.LOCAL,group,Account Operators@cyberspacekittens.local,GROUP,GenericAll,,AccessAllowed,False
IIS_IUSRS@CYBERSPACEKITTENS.LOCAL,group,ENTERPRISE ADMINS@CYBERSPACEKITTENS.LOCAL,group,GenericAll,,AccessAllowed,True
IIS_IUSRS@CYBERSPACEKITTENS.LOCAL,group,Administrators@cyberspacekittens.local,GROUP,WriteOwner,,AccessAllowed,True
IIS_IUSRS@CYBERSPACEKITTENS.LOCAL,group,Administrators@cyberspacekittens.local,GROUP,WriteDacl,,AccessAllowed,True
IIS_IUSRS@CYBERSPACEKITTENS.LOCAL,group,Administrators@cyberspacekittens.local,GROUP,ExtendedRight,All,AccessAllowed,True
BACKUP OPERATORS@CYBERSPACEKITTENS.LOCAL,group,DOMAIN ADMINS@CYBERSPACEKITTENS.LOCAL,group,WriteOwner,,AccessAllowed,False
BACKUP OPERATORS@CYBERSPACEKITTENS.LOCAL,group,DOMAIN ADMINS@CYBERSPACEKITTENS.LOCAL,group,WriteDacl,,AccessAllowed,False
BACKUP OPERATORS@CYBERSPACEKITTENS.LOCAL,group,DOMAIN ADMINS@CYBERSPACEKITTENS.LOCAL,group,ExtendedRight,All,AccessAllowed,False
BACKUP OPERATORS@CYBERSPACEKITTENS.LOCAL,group,ENTERPRISE ADMINS@CYBERSPACEKITTENS.LOCAL,group,WriteOwner,,AccessAllowed,False
BACKUP OPERATORS@CYBERSPACEKITTENS.LOCAL,group,ENTERPRISE ADMINS@CYBERSPACEKITTENS.LOCAL,group,WriteDacl,,AccessAllowed,False
BACKUP OPERATORS@CYBERSPACEKITTENS.LOCAL,group,ENTERPRISE ADMINS@CYBERSPACEKITTENS.LOCAL,group,ExtendedRight,All,AccessAllowed,False
BACKUP OPERATORS@CYBERSPACEKITTENS.LOCAL,group,Administrators@cyberspacekittens.local,GROUP,WriteOwner,,AccessAllowed,False
BACKUP OPERATORS@CYBERSPACEKITTENS.LOCAL,group,Administrators@cyberspacekittens.local,GROUP,WriteDacl,,AccessAllowed,False
BACKUP OPERATORS@CYBERSPACEKITTENS.LOCAL,group,Administrators@cyberspacekittens.local,GROUP,ExtendedRight,All,AccessAllowed,False
CRYPTOGRAPHIC OPERATORS@CYBERSPACEKITTENS.LOCAL,group,Administrators@cyberspacekittens.local,GROUP,Owner,,AccessAllowed,False
CRYPTOGRAPHIC OPERATORS@CYBERSPACEKITTENS.LOCAL,group,DOMAIN ADMINS@CYBERSPACEKITTENS.LOCAL,group,GenericAll,,AccessAllowed,False
CRYPTOGRAPHIC OPERATORS@CYBERSPACEKITTENS.LOCAL,group,Account Operators@cyberspacekittens.local,GROUP,GenericAll,,AccessAllowed,False
CRYPTOGRAPHIC OPERATORS@CYBERSPACEKITTENS.LOCAL,group,ENTERPRISE ADMINS@CYBERSPACEKITTENS.LOCAL,group,GenericAll,,AccessAllowed,True
CRYPTOGRAPHIC OPERATORS@CYBERSPACEKITTENS.LOCAL,group,Administrators@cyberspacekittens.local,GROUP,WriteOwner,,AccessAllowed,True
CRYPTOGRAPHIC OPERATORS@CYBERSPACEKITTENS.LOCAL,group,Administrators@cyberspacekittens.local,GROUP,WriteDacl,,AccessAllowed,True
CRYPTOGRAPHIC OPERATORS@CYBERSPACEKITTENS.LOCAL,group,Administrators@cyberspacekittens.local,GROUP,ExtendedRight,All,AccessAllowed,True
REPLICATOR@CYBERSPACEKITTENS.LOCAL,group,DOMAIN ADMINS@CYBERSPACEKITTENS.LOCAL,group,WriteOwner,,AccessAllowed,False
REPLICATOR@CYBERSPACEKITTENS.LOCAL,group,DOMAIN ADMINS@CYBERSPACEKITTENS.LOCAL,group,WriteDacl,,AccessAllowed,False
REPLICATOR@CYBERSPACEKITTENS.LOCAL,group,DOMAIN ADMINS@CYBERSPACEKITTENS.LOCAL,group,ExtendedRight,All,AccessAllowed,False
REPLICATOR@CYBERSPACEKITTENS.LOCAL,group,ENTERPRISE ADMINS@CYBERSPACEKITTENS.LOCAL,group,WriteOwner,,AccessAllowed,False
REPLICATOR@CYBERSPACEKITTENS.LOCAL,group,ENTERPRISE ADMINS@CYBERSPACEKITTENS.LOCAL,group,WriteDacl,,AccessAllowed,False
REPLICATOR@CYBERSPACEKITTENS.LOCAL,group,ENTERPRISE ADMINS@CYBERSPACEKITTENS.LOCAL,group,ExtendedRight,All,AccessAllowed,False
REPLICATOR@CYBERSPACEKITTENS.LOCAL,group,Administrators@cyberspacekittens.local,GROUP,WriteOwner,,AccessAllowed,False
REPLICATOR@CYBERSPACEKITTENS.LOCAL,group,Administrators@cyberspacekittens.local,GROUP,WriteDacl,,AccessAllowed,False
REPLICATOR@CYBERSPACEKITTENS.LOCAL,group,Administrators@cyberspacekittens.local,GROUP,ExtendedRight,All,AccessAllowed,False
EVENT LOG READERS@CYBERSPACEKITTENS.LOCAL,group,Administrators@cyberspacekittens.local,GROUP,Owner,,AccessAllowed,False
EVENT LOG READERS@CYBERSPACEKITTENS.LOCAL,group,DOMAIN ADMINS@CYBERSPACEKITTENS.LOCAL,group,GenericAll,,AccessAllowed,False
EVENT LOG READERS@CYBERSPACEKITTENS.LOCAL,group,Account Operators@cyberspacekittens.local,GROUP,GenericAll,,AccessAllowed,False
EVENT LOG READERS@CYBERSPACEKITTENS.LOCAL,group,ENTERPRISE ADMINS@CYBERSPACEKITTENS.LOCAL,group,GenericAll,,AccessAllowed,True
EVENT LOG READERS@CYBERSPACEKITTENS.LOCAL,group,Administrators@cyberspacekittens.local,GROUP,WriteOwner,,AccessAllowed,True
EVENT LOG READERS@CYBERSPACEKITTENS.LOCAL,group,Administrators@cyberspacekittens.local,GROUP,WriteDacl,,AccessAllowed,True
EVENT LOG READERS@CYBERSPACEKITTENS.LOCAL,group,Administrators@cyberspacekittens.local,GROUP,ExtendedRight,All,AccessAllowed,True
CERTIFICATE SERVICE DCOM ACCESS@CYBERSPACEKITTENS.LOCAL,group,Administrators@cyberspacekittens.local,GROUP,Owner,,AccessAllowed,False
CERTIFICATE SERVICE DCOM ACCESS@CYBERSPACEKITTENS.LOCAL,group,DOMAIN ADMINS@CYBERSPACEKITTENS.LOCAL,group,GenericAll,,AccessAllowed,False
CERTIFICATE SERVICE DCOM ACCESS@CYBERSPACEKITTENS.LOCAL,group,Account Operators@cyberspacekittens.local,GROUP,GenericAll,,AccessAllowed,False
CERTIFICATE SERVICE DCOM ACCESS@CYBERSPACEKITTENS.LOCAL,group,ENTERPRISE ADMINS@CYBERSPACEKITTENS.LOCAL,group,GenericAll,,AccessAllowed,True
CERTIFICATE SERVICE DCOM ACCESS@CYBERSPACEKITTENS.LOCAL,group,Administrators@cyberspacekittens.local,GROUP,WriteOwner,,AccessAllowed,True
CERTIFICATE SERVICE DCOM ACCESS@CYBERSPACEKITTENS.LOCAL,group,Administrators@cyberspacekittens.local,GROUP,WriteDacl,,AccessAllowed,True
CERTIFICATE SERVICE DCOM ACCESS@CYBERSPACEKITTENS.LOCAL,group,Administrators@cyberspacekittens.local,GROUP,ExtendedRight,All,AccessAllowed,True
RDS REMOTE ACCESS SERVERS@CYBERSPACEKITTENS.LOCAL,group,Administrators@cyberspacekittens.local,GROUP,Owner,,AccessAllowed,False
RDS REMOTE ACCESS SERVERS@CYBERSPACEKITTENS.LOCAL,group,DOMAIN ADMINS@CYBERSPACEKITTENS.LOCAL,group,GenericAll,,AccessAllowed,False
RDS REMOTE ACCESS SERVERS@CYBERSPACEKITTENS.LOCAL,group,Account Operators@cyberspacekittens.local,GROUP,GenericAll,,AccessAllowed,False
RDS REMOTE ACCESS SERVERS@CYBERSPACEKITTENS.LOCAL,group,ENTERPRISE ADMINS@CYBERSPACEKITTENS.LOCAL,group,GenericAll,,AccessAllowed,True
RDS REMOTE ACCESS SERVERS@CYBERSPACEKITTENS.LOCAL,group,Administrators@cyberspacekittens.local,GROUP,WriteOwner,,AccessAllowed,True
RDS REMOTE ACCESS SERVERS@CYBERSPACEKITTENS.LOCAL,group,Administrators@cyberspacekittens.local,GROUP,WriteDacl,,AccessAllowed,True
RDS REMOTE ACCESS SERVERS@CYBERSPACEKITTENS.LOCAL,group,Administrators@cyberspacekittens.local,GROUP,ExtendedRight,All,AccessAllowed,True
RDS ENDPOINT SERVERS@CYBERSPACEKITTENS.LOCAL,group,Administrators@cyberspacekittens.local,GROUP,Owner,,AccessAllowed,False
RDS ENDPOINT SERVERS@CYBERSPACEKITTENS.LOCAL,group,DOMAIN ADMINS@CYBERSPACEKITTENS.LOCAL,group,GenericAll,,AccessAllowed,False
RDS ENDPOINT SERVERS@CYBERSPACEKITTENS.LOCAL,group,Account Operators@cyberspacekittens.local,GROUP,GenericAll,,AccessAllowed,False
RDS ENDPOINT SERVERS@CYBERSPACEKITTENS.LOCAL,group,ENTERPRISE ADMINS@CYBERSPACEKITTENS.LOCAL,group,GenericAll,,AccessAllowed,True
RDS ENDPOINT SERVERS@CYBERSPACEKITTENS.LOCAL,group,Administrators@cyberspacekittens.local,GROUP,WriteOwner,,AccessAllowed,True
RDS ENDPOINT SERVERS@CYBERSPACEKITTENS.LOCAL,group,Administrators@cyberspacekittens.local,GROUP,WriteDacl,,AccessAllowed,True
RDS ENDPOINT SERVERS@CYBERSPACEKITTENS.LOCAL,group,Administrators@cyberspacekittens.local,GROUP,ExtendedRight,All,AccessAllowed,True
RDS MANAGEMENT SERVERS@CYBERSPACEKITTENS.LOCAL,group,Administrators@cyberspacekittens.local,GROUP,Owner,,AccessAllowed,False
RDS MANAGEMENT SERVERS@CYBERSPACEKITTENS.LOCAL,group,DOMAIN ADMINS@CYBERSPACEKITTENS.LOCAL,group,GenericAll,,AccessAllowed,False
RDS MANAGEMENT SERVERS@CYBERSPACEKITTENS.LOCAL,group,Account Operators@cyberspacekittens.local,GROUP,GenericAll,,AccessAllowed,False
RDS MANAGEMENT SERVERS@CYBERSPACEKITTENS.LOCAL,group,ENTERPRISE ADMINS@CYBERSPACEKITTENS.LOCAL,group,GenericAll,,AccessAllowed,True
RDS MANAGEMENT SERVERS@CYBERSPACEKITTENS.LOCAL,group,Administrators@cyberspacekittens.local,GROUP,WriteOwner,,AccessAllowed,True
RDS MANAGEMENT SERVERS@CYBERSPACEKITTENS.LOCAL,group,Administrators@cyberspacekittens.local,GROUP,WriteDacl,,AccessAllowed,True
RDS MANAGEMENT SERVERS@CYBERSPACEKITTENS.LOCAL,group,Administrators@cyberspacekittens.local,GROUP,ExtendedRight,All,AccessAllowed,True
HYPER-V ADMINISTRATORS@CYBERSPACEKITTENS.LOCAL,group,Administrators@cyberspacekittens.local,GROUP,Owner,,AccessAllowed,False
HYPER-V ADMINISTRATORS@CYBERSPACEKITTENS.LOCAL,group,DOMAIN ADMINS@CYBERSPACEKITTENS.LOCAL,group,GenericAll,,AccessAllowed,False
HYPER-V ADMINISTRATORS@CYBERSPACEKITTENS.LOCAL,group,Account Operators@cyberspacekittens.local,GROUP,GenericAll,,AccessAllowed,False
HYPER-V ADMINISTRATORS@CYBERSPACEKITTENS.LOCAL,group,ENTERPRISE ADMINS@CYBERSPACEKITTENS.LOCAL,group,GenericAll,,AccessAllowed,True
HYPER-V ADMINISTRATORS@CYBERSPACEKITTENS.LOCAL,group,Administrators@cyberspacekittens.local,GROUP,WriteOwner,,AccessAllowed,True
HYPER-V ADMINISTRATORS@CYBERSPACEKITTENS.LOCAL,group,Administrators@cyberspacekittens.local,GROUP,WriteDacl,,AccessAllowed,True
HYPER-V ADMINISTRATORS@CYBERSPACEKITTENS.LOCAL,group,Administrators@cyberspacekittens.local,GROUP,ExtendedRight,All,AccessAllowed,True
ACCESS CONTROL ASSISTANCE OPERATORS@CYBERSPACEKITTENS.LOCAL,group,Administrators@cyberspacekittens.local,GROUP,Owner,,AccessAllowed,False
ACCESS CONTROL ASSISTANCE OPERATORS@CYBERSPACEKITTENS.LOCAL,group,DOMAIN ADMINS@CYBERSPACEKITTENS.LOCAL,group,GenericAll,,AccessAllowed,False
ACCESS CONTROL ASSISTANCE OPERATORS@CYBERSPACEKITTENS.LOCAL,group,Account Operators@cyberspacekittens.local,GROUP,GenericAll,,AccessAllowed,False
ACCESS CONTROL ASSISTANCE OPERATORS@CYBERSPACEKITTENS.LOCAL,group,ENTERPRISE ADMINS@CYBERSPACEKITTENS.LOCAL,group,GenericAll,,AccessAllowed,True
ACCESS CONTROL ASSISTANCE OPERATORS@CYBERSPACEKITTENS.LOCAL,group,Administrators@cyberspacekittens.local,GROUP,WriteOwner,,AccessAllowed,True
ACCESS CONTROL ASSISTANCE OPERATORS@CYBERSPACEKITTENS.LOCAL,group,Administrators@cyberspacekittens.local,GROUP,WriteDacl,,AccessAllowed,True
ACCESS CONTROL ASSISTANCE OPERATORS@CYBERSPACEKITTENS.LOCAL,group,Administrators@cyberspacekittens.local,GROUP,ExtendedRight,All,AccessAllowed,True
REMOTE MANAGEMENT USERS@CYBERSPACEKITTENS.LOCAL,group,Administrators@cyberspacekittens.local,GROUP,Owner,,AccessAllowed,False
REMOTE MANAGEMENT USERS@CYBERSPACEKITTENS.LOCAL,group,DOMAIN ADMINS@CYBERSPACEKITTENS.LOCAL,group,GenericAll,,AccessAllowed,False
REMOTE MANAGEMENT USERS@CYBERSPACEKITTENS.LOCAL,group,Account Operators@cyberspacekittens.local,GROUP,GenericAll,,AccessAllowed,False
REMOTE MANAGEMENT USERS@CYBERSPACEKITTENS.LOCAL,group,ENTERPRISE ADMINS@CYBERSPACEKITTENS.LOCAL,group,GenericAll,,AccessAllowed,True
REMOTE MANAGEMENT USERS@CYBERSPACEKITTENS.LOCAL,group,Administrators@cyberspacekittens.local,GROUP,WriteOwner,,AccessAllowed,True
REMOTE MANAGEMENT USERS@CYBERSPACEKITTENS.LOCAL,group,Administrators@cyberspacekittens.local,GROUP,WriteDacl,,AccessAllowed,True
REMOTE MANAGEMENT USERS@CYBERSPACEKITTENS.LOCAL,group,Administrators@cyberspacekittens.local,GROUP,ExtendedRight,All,AccessAllowed,True
SYSTEM MANAGED ACCOUNTS GROUP@CYBERSPACEKITTENS.LOCAL,group,Administrators@cyberspacekittens.local,GROUP,Owner,,AccessAllowed,False
SYSTEM MANAGED ACCOUNTS GROUP@CYBERSPACEKITTENS.LOCAL,group,DOMAIN ADMINS@CYBERSPACEKITTENS.LOCAL,group,GenericAll,,AccessAllowed,False
SYSTEM MANAGED ACCOUNTS GROUP@CYBERSPACEKITTENS.LOCAL,group,Account Operators@cyberspacekittens.local,GROUP,GenericAll,,AccessAllowed,False
SYSTEM MANAGED ACCOUNTS GROUP@CYBERSPACEKITTENS.LOCAL,group,ENTERPRISE ADMINS@CYBERSPACEKITTENS.LOCAL,group,GenericAll,,AccessAllowed,True
SYSTEM MANAGED ACCOUNTS GROUP@CYBERSPACEKITTENS.LOCAL,group,Administrators@cyberspacekittens.local,GROUP,WriteOwner,,AccessAllowed,True
SYSTEM MANAGED ACCOUNTS GROUP@CYBERSPACEKITTENS.LOCAL,group,Administrators@cyberspacekittens.local,GROUP,WriteDacl,,AccessAllowed,True
SYSTEM MANAGED ACCOUNTS GROUP@CYBERSPACEKITTENS.LOCAL,group,Administrators@cyberspacekittens.local,GROUP,ExtendedRight,All,AccessAllowed,True
STORAGE REPLICA ADMINISTRATORS@CYBERSPACEKITTENS.LOCAL,group,Administrators@cyberspacekittens.local,GROUP,Owner,,AccessAllowed,False
STORAGE REPLICA ADMINISTRATORS@CYBERSPACEKITTENS.LOCAL,group,DOMAIN ADMINS@CYBERSPACEKITTENS.LOCAL,group,GenericAll,,AccessAllowed,False
STORAGE REPLICA ADMINISTRATORS@CYBERSPACEKITTENS.LOCAL,group,Account Operators@cyberspacekittens.local,GROUP,GenericAll,,AccessAllowed,False
STORAGE REPLICA ADMINISTRATORS@CYBERSPACEKITTENS.LOCAL,group,ENTERPRISE ADMINS@CYBERSPACEKITTENS.LOCAL,group,GenericAll,,AccessAllowed,True
STORAGE REPLICA ADMINISTRATORS@CYBERSPACEKITTENS.LOCAL,group,Administrators@cyberspacekittens.local,GROUP,WriteOwner,,AccessAllowed,True
STORAGE REPLICA ADMINISTRATORS@CYBERSPACEKITTENS.LOCAL,group,Administrators@cyberspacekittens.local,GROUP,WriteDacl,,AccessAllowed,True
STORAGE REPLICA ADMINISTRATORS@CYBERSPACEKITTENS.LOCAL,group,Administrators@cyberspacekittens.local,GROUP,ExtendedRight,All,AccessAllowed,True
CERT PUBLISHERS@CYBERSPACEKITTENS.LOCAL,group,DOMAIN ADMINS@CYBERSPACEKITTENS.LOCAL,group,Owner,,AccessAllowed,False
CERT PUBLISHERS@CYBERSPACEKITTENS.LOCAL,group,DOMAIN ADMINS@CYBERSPACEKITTENS.LOCAL,group,GenericAll,,AccessAllowed,False
CERT PUBLISHERS@CYBERSPACEKITTENS.LOCAL,group,Account Operators@cyberspacekittens.local,GROUP,GenericAll,,AccessAllowed,False
CERT PUBLISHERS@CYBERSPACEKITTENS.LOCAL,group,ENTERPRISE ADMINS@CYBERSPACEKITTENS.LOCAL,group,GenericAll,,AccessAllowed,True
CERT PUBLISHERS@CYBERSPACEKITTENS.LOCAL,group,Administrators@cyberspacekittens.local,GROUP,WriteOwner,,AccessAllowed,True
CERT PUBLISHERS@CYBERSPACEKITTENS.LOCAL,group,Administrators@cyberspacekittens.local,GROUP,WriteDacl,,AccessAllowed,True
CERT PUBLISHERS@CYBERSPACEKITTENS.LOCAL,group,Administrators@cyberspacekittens.local,GROUP,ExtendedRight,All,AccessAllowed,True
RAS AND IAS SERVERS@CYBERSPACEKITTENS.LOCAL,group,DOMAIN ADMINS@CYBERSPACEKITTENS.LOCAL,group,Owner,,AccessAllowed,False
RAS AND IAS SERVERS@CYBERSPACEKITTENS.LOCAL,group,DOMAIN ADMINS@CYBERSPACEKITTENS.LOCAL,group,GenericAll,,AccessAllowed,False
RAS AND IAS SERVERS@CYBERSPACEKITTENS.LOCAL,group,Account Operators@cyberspacekittens.local,GROUP,GenericAll,,AccessAllowed,False
RAS AND IAS SERVERS@CYBERSPACEKITTENS.LOCAL,group,ENTERPRISE ADMINS@CYBERSPACEKITTENS.LOCAL,group,GenericAll,,AccessAllowed,True
RAS AND IAS SERVERS@CYBERSPACEKITTENS.LOCAL,group,Administrators@cyberspacekittens.local,GROUP,WriteOwner,,AccessAllowed,True
RAS AND IAS SERVERS@CYBERSPACEKITTENS.LOCAL,group,Administrators@cyberspacekittens.local,GROUP,WriteDacl,,AccessAllowed,True
RAS AND IAS SERVERS@CYBERSPACEKITTENS.LOCAL,group,Administrators@cyberspacekittens.local,GROUP,ExtendedRight,All,AccessAllowed,True
SERVER OPERATORS@CYBERSPACEKITTENS.LOCAL,group,DOMAIN ADMINS@CYBERSPACEKITTENS.LOCAL,group,Owner,,AccessAllowed,False
SERVER OPERATORS@CYBERSPACEKITTENS.LOCAL,group,DOMAIN ADMINS@CYBERSPACEKITTENS.LOCAL,group,WriteOwner,,AccessAllowed,False
SERVER OPERATORS@CYBERSPACEKITTENS.LOCAL,group,DOMAIN ADMINS@CYBERSPACEKITTENS.LOCAL,group,WriteDacl,,AccessAllowed,False
SERVER OPERATORS@CYBERSPACEKITTENS.LOCAL,group,DOMAIN ADMINS@CYBERSPACEKITTENS.LOCAL,group,ExtendedRight,All,AccessAllowed,False
SERVER OPERATORS@CYBERSPACEKITTENS.LOCAL,group,ENTERPRISE ADMINS@CYBERSPACEKITTENS.LOCAL,group,WriteOwner,,AccessAllowed,False
SERVER OPERATORS@CYBERSPACEKITTENS.LOCAL,group,ENTERPRISE ADMINS@CYBERSPACEKITTENS.LOCAL,group,WriteDacl,,AccessAllowed,False
SERVER OPERATORS@CYBERSPACEKITTENS.LOCAL,group,ENTERPRISE ADMINS@CYBERSPACEKITTENS.LOCAL,group,ExtendedRight,All,AccessAllowed,False
SERVER OPERATORS@CYBERSPACEKITTENS.LOCAL,group,Administrators@cyberspacekittens.local,GROUP,WriteOwner,,AccessAllowed,False
SERVER OPERATORS@CYBERSPACEKITTENS.LOCAL,group,Administrators@cyberspacekittens.local,GROUP,WriteDacl,,AccessAllowed,False
SERVER OPERATORS@CYBERSPACEKITTENS.LOCAL,group,Administrators@cyberspacekittens.local,GROUP,ExtendedRight,All,AccessAllowed,False
ACCOUNT OPERATORS@CYBERSPACEKITTENS.LOCAL,group,DOMAIN ADMINS@CYBERSPACEKITTENS.LOCAL,group,Owner,,AccessAllowed,False
ACCOUNT OPERATORS@CYBERSPACEKITTENS.LOCAL,group,DOMAIN ADMINS@CYBERSPACEKITTENS.LOCAL,group,WriteOwner,,AccessAllowed,False
ACCOUNT OPERATORS@CYBERSPACEKITTENS.LOCAL,group,DOMAIN ADMINS@CYBERSPACEKITTENS.LOCAL,group,WriteDacl,,AccessAllowed,False
ACCOUNT OPERATORS@CYBERSPACEKITTENS.LOCAL,group,DOMAIN ADMINS@CYBERSPACEKITTENS.LOCAL,group,ExtendedRight,All,AccessAllowed,False
ACCOUNT OPERATORS@CYBERSPACEKITTENS.LOCAL,group,ENTERPRISE ADMINS@CYBERSPACEKITTENS.LOCAL,group,WriteOwner,,AccessAllowed,False
ACCOUNT OPERATORS@CYBERSPACEKITTENS.LOCAL,group,ENTERPRISE ADMINS@CYBERSPACEKITTENS.LOCAL,group,WriteDacl,,AccessAllowed,False
ACCOUNT OPERATORS@CYBERSPACEKITTENS.LOCAL,group,ENTERPRISE ADMINS@CYBERSPACEKITTENS.LOCAL,group,ExtendedRight,All,AccessAllowed,False
ACCOUNT OPERATORS@CYBERSPACEKITTENS.LOCAL,group,Administrators@cyberspacekittens.local,GROUP,WriteOwner,,AccessAllowed,False
ACCOUNT OPERATORS@CYBERSPACEKITTENS.LOCAL,group,Administrators@cyberspacekittens.local,GROUP,WriteDacl,,AccessAllowed,False
ACCOUNT OPERATORS@CYBERSPACEKITTENS.LOCAL,group,Administrators@cyberspacekittens.local,GROUP,ExtendedRight,All,AccessAllowed,False
PRE-WINDOWS 2000 COMPATIBLE ACCESS@CYBERSPACEKITTENS.LOCAL,group,DOMAIN ADMINS@CYBERSPACEKITTENS.LOCAL,group,Owner,,AccessAllowed,False
PRE-WINDOWS 2000 COMPATIBLE ACCESS@CYBERSPACEKITTENS.LOCAL,group,DOMAIN ADMINS@CYBERSPACEKITTENS.LOCAL,group,GenericAll,,AccessAllowed,False
PRE-WINDOWS 2000 COMPATIBLE ACCESS@CYBERSPACEKITTENS.LOCAL,group,Account Operators@cyberspacekittens.local,GROUP,GenericAll,,AccessAllowed,False
PRE-WINDOWS 2000 COMPATIBLE ACCESS@CYBERSPACEKITTENS.LOCAL,group,ENTERPRISE ADMINS@CYBERSPACEKITTENS.LOCAL,group,GenericAll,,AccessAllowed,True
PRE-WINDOWS 2000 COMPATIBLE ACCESS@CYBERSPACEKITTENS.LOCAL,group,Administrators@cyberspacekittens.local,GROUP,WriteOwner,,AccessAllowed,True
PRE-WINDOWS 2000 COMPATIBLE ACCESS@CYBERSPACEKITTENS.LOCAL,group,Administrators@cyberspacekittens.local,GROUP,WriteDacl,,AccessAllowed,True
PRE-WINDOWS 2000 COMPATIBLE ACCESS@CYBERSPACEKITTENS.LOCAL,group,Administrators@cyberspacekittens.local,GROUP,ExtendedRight,All,AccessAllowed,True
INCOMING FOREST TRUST BUILDERS@CYBERSPACEKITTENS.LOCAL,group,DOMAIN ADMINS@CYBERSPACEKITTENS.LOCAL,group,Owner,,AccessAllowed,False
INCOMING FOREST TRUST BUILDERS@CYBERSPACEKITTENS.LOCAL,group,DOMAIN ADMINS@CYBERSPACEKITTENS.LOCAL,group,GenericAll,,AccessAllowed,False
INCOMING FOREST TRUST BUILDERS@CYBERSPACEKITTENS.LOCAL,group,Account Operators@cyberspacekittens.local,GROUP,GenericAll,,AccessAllowed,False
INCOMING FOREST TRUST BUILDERS@CYBERSPACEKITTENS.LOCAL,group,ENTERPRISE ADMINS@CYBERSPACEKITTENS.LOCAL,group,GenericAll,,AccessAllowed,True
INCOMING FOREST TRUST BUILDERS@CYBERSPACEKITTENS.LOCAL,group,Administrators@cyberspacekittens.local,GROUP,WriteOwner,,AccessAllowed,True
INCOMING FOREST TRUST BUILDERS@CYBERSPACEKITTENS.LOCAL,group,Administrators@cyberspacekittens.local,GROUP,WriteDacl,,AccessAllowed,True
INCOMING FOREST TRUST BUILDERS@CYBERSPACEKITTENS.LOCAL,group,Administrators@cyberspacekittens.local,GROUP,ExtendedRight,All,AccessAllowed,True
WINDOWS AUTHORIZATION ACCESS GROUP@CYBERSPACEKITTENS.LOCAL,group,DOMAIN ADMINS@CYBERSPACEKITTENS.LOCAL,group,Owner,,AccessAllowed,False
WINDOWS AUTHORIZATION ACCESS GROUP@CYBERSPACEKITTENS.LOCAL,group,DOMAIN ADMINS@CYBERSPACEKITTENS.LOCAL,group,GenericAll,,AccessAllowed,False
WINDOWS AUTHORIZATION ACCESS GROUP@CYBERSPACEKITTENS.LOCAL,group,Account Operators@cyberspacekittens.local,GROUP,GenericAll,,AccessAllowed,False
WINDOWS AUTHORIZATION ACCESS GROUP@CYBERSPACEKITTENS.LOCAL,group,ENTERPRISE ADMINS@CYBERSPACEKITTENS.LOCAL,group,GenericAll,,AccessAllowed,True
WINDOWS AUTHORIZATION ACCESS GROUP@CYBERSPACEKITTENS.LOCAL,group,Administrators@cyberspacekittens.local,GROUP,WriteOwner,,AccessAllowed,True
WINDOWS AUTHORIZATION ACCESS GROUP@CYBERSPACEKITTENS.LOCAL,group,Administrators@cyberspacekittens.local,GROUP,WriteDacl,,AccessAllowed,True
WINDOWS AUTHORIZATION ACCESS GROUP@CYBERSPACEKITTENS.LOCAL,group,Administrators@cyberspacekittens.local,GROUP,ExtendedRight,All,AccessAllowed,True
TERMINAL SERVER LICENSE SERVERS@CYBERSPACEKITTENS.LOCAL,group,DOMAIN ADMINS@CYBERSPACEKITTENS.LOCAL,group,Owner,,AccessAllowed,False
TERMINAL SERVER LICENSE SERVERS@CYBERSPACEKITTENS.LOCAL,group,DOMAIN ADMINS@CYBERSPACEKITTENS.LOCAL,group,GenericAll,,AccessAllowed,False
TERMINAL SERVER LICENSE SERVERS@CYBERSPACEKITTENS.LOCAL,group,Account Operators@cyberspacekittens.local,GROUP,GenericAll,,AccessAllowed,False
TERMINAL SERVER LICENSE SERVERS@CYBERSPACEKITTENS.LOCAL,group,ENTERPRISE ADMINS@CYBERSPACEKITTENS.LOCAL,group,GenericAll,,AccessAllowed,True
TERMINAL SERVER LICENSE SERVERS@CYBERSPACEKITTENS.LOCAL,group,Administrators@cyberspacekittens.local,GROUP,WriteOwner,,AccessAllowed,True
TERMINAL SERVER LICENSE SERVERS@CYBERSPACEKITTENS.LOCAL,group,Administrators@cyberspacekittens.local,GROUP,WriteDacl,,AccessAllowed,True
TERMINAL SERVER LICENSE SERVERS@CYBERSPACEKITTENS.LOCAL,group,Administrators@cyberspacekittens.local,GROUP,ExtendedRight,All,AccessAllowed,True
ALLOWED RODC PASSWORD REPLICATION GROUP@CYBERSPACEKITTENS.LOCAL,group,DOMAIN ADMINS@CYBERSPACEKITTENS.LOCAL,group,Owner,,AccessAllowed,False
ALLOWED RODC PASSWORD REPLICATION GROUP@CYBERSPACEKITTENS.LOCAL,group,DOMAIN ADMINS@CYBERSPACEKITTENS.LOCAL,group,GenericAll,,AccessAllowed,False
ALLOWED RODC PASSWORD REPLICATION GROUP@CYBERSPACEKITTENS.LOCAL,group,Account Operators@cyberspacekittens.local,GROUP,GenericAll,,AccessAllowed,False
ALLOWED RODC PASSWORD REPLICATION GROUP@CYBERSPACEKITTENS.LOCAL,group,ENTERPRISE ADMINS@CYBERSPACEKITTENS.LOCAL,group,GenericAll,,AccessAllowed,True
ALLOWED RODC PASSWORD REPLICATION GROUP@CYBERSPACEKITTENS.LOCAL,group,Administrators@cyberspacekittens.local,GROUP,WriteOwner,,AccessAllowed,True
ALLOWED RODC PASSWORD REPLICATION GROUP@CYBERSPACEKITTENS.LOCAL,group,Administrators@cyberspacekittens.local,GROUP,WriteDacl,,AccessAllowed,True
ALLOWED RODC PASSWORD REPLICATION GROUP@CYBERSPACEKITTENS.LOCAL,group,Administrators@cyberspacekittens.local,GROUP,ExtendedRight,All,AccessAllowed,True
DENIED RODC PASSWORD REPLICATION GROUP@CYBERSPACEKITTENS.LOCAL,group,DOMAIN ADMINS@CYBERSPACEKITTENS.LOCAL,group,Owner,,AccessAllowed,False
DENIED RODC PASSWORD REPLICATION GROUP@CYBERSPACEKITTENS.LOCAL,group,DOMAIN ADMINS@CYBERSPACEKITTENS.LOCAL,group,GenericAll,,AccessAllowed,False
DENIED RODC PASSWORD REPLICATION GROUP@CYBERSPACEKITTENS.LOCAL,group,Account Operators@cyberspacekittens.local,GROUP,GenericAll,,AccessAllowed,False
DENIED RODC PASSWORD REPLICATION GROUP@CYBERSPACEKITTENS.LOCAL,group,ENTERPRISE ADMINS@CYBERSPACEKITTENS.LOCAL,group,GenericAll,,AccessAllowed,True
DENIED RODC PASSWORD REPLICATION GROUP@CYBERSPACEKITTENS.LOCAL,group,Administrators@cyberspacekittens.local,GROUP,WriteOwner,,AccessAllowed,True
DENIED RODC PASSWORD REPLICATION GROUP@CYBERSPACEKITTENS.LOCAL,group,Administrators@cyberspacekittens.local,GROUP,WriteDacl,,AccessAllowed,True
DENIED RODC PASSWORD REPLICATION GROUP@CYBERSPACEKITTENS.LOCAL,group,Administrators@cyberspacekittens.local,GROUP,ExtendedRight,All,AccessAllowed,True
DNSADMINS@CYBERSPACEKITTENS.LOCAL,group,DOMAIN ADMINS@CYBERSPACEKITTENS.LOCAL,group,GenericAll,,AccessAllowed,False
DNSADMINS@CYBERSPACEKITTENS.LOCAL,group,Account Operators@cyberspacekittens.local,GROUP,GenericAll,,AccessAllowed,False
DNSADMINS@CYBERSPACEKITTENS.LOCAL,group,ENTERPRISE ADMINS@CYBERSPACEKITTENS.LOCAL,group,GenericAll,,AccessAllowed,True
DNSADMINS@CYBERSPACEKITTENS.LOCAL,group,Administrators@cyberspacekittens.local,GROUP,WriteOwner,,AccessAllowed,True
DNSADMINS@CYBERSPACEKITTENS.LOCAL,group,Administrators@cyberspacekittens.local,GROUP,WriteDacl,,AccessAllowed,True
DNSADMINS@CYBERSPACEKITTENS.LOCAL,group,Administrators@cyberspacekittens.local,GROUP,ExtendedRight,All,AccessAllowed,True
DOMAIN COMPUTERS@CYBERSPACEKITTENS.LOCAL,group,DOMAIN ADMINS@CYBERSPACEKITTENS.LOCAL,group,Owner,,AccessAllowed,False
DOMAIN COMPUTERS@CYBERSPACEKITTENS.LOCAL,group,DOMAIN ADMINS@CYBERSPACEKITTENS.LOCAL,group,GenericAll,,AccessAllowed,False
DOMAIN COMPUTERS@CYBERSPACEKITTENS.LOCAL,group,Account Operators@cyberspacekittens.local,GROUP,GenericAll,,AccessAllowed,False
DOMAIN COMPUTERS@CYBERSPACEKITTENS.LOCAL,group,ENTERPRISE ADMINS@CYBERSPACEKITTENS.LOCAL,group,GenericAll,,AccessAllowed,True
DOMAIN COMPUTERS@CYBERSPACEKITTENS.LOCAL,group,Administrators@cyberspacekittens.local,GROUP,WriteOwner,,AccessAllowed,True
DOMAIN COMPUTERS@CYBERSPACEKITTENS.LOCAL,group,Administrators@cyberspacekittens.local,GROUP,WriteDacl,,AccessAllowed,True
DOMAIN COMPUTERS@CYBERSPACEKITTENS.LOCAL,group,Administrators@cyberspacekittens.local,GROUP,ExtendedRight,All,AccessAllowed,True
DOMAIN CONTROLLERS@CYBERSPACEKITTENS.LOCAL,group,DOMAIN ADMINS@CYBERSPACEKITTENS.LOCAL,group,Owner,,AccessAllowed,False
DOMAIN CONTROLLERS@CYBERSPACEKITTENS.LOCAL,group,DOMAIN ADMINS@CYBERSPACEKITTENS.LOCAL,group,WriteOwner,,AccessAllowed,False
DOMAIN CONTROLLERS@CYBERSPACEKITTENS.LOCAL,group,DOMAIN ADMINS@CYBERSPACEKITTENS.LOCAL,group,WriteDacl,,AccessAllowed,False
DOMAIN CONTROLLERS@CYBERSPACEKITTENS.LOCAL,group,DOMAIN ADMINS@CYBERSPACEKITTENS.LOCAL,group,ExtendedRight,All,AccessAllowed,False
DOMAIN CONTROLLERS@CYBERSPACEKITTENS.LOCAL,group,ENTERPRISE ADMINS@CYBERSPACEKITTENS.LOCAL,group,WriteOwner,,AccessAllowed,False
DOMAIN CONTROLLERS@CYBERSPACEKITTENS.LOCAL,group,ENTERPRISE ADMINS@CYBERSPACEKITTENS.LOCAL,group,WriteDacl,,AccessAllowed,False
DOMAIN CONTROLLERS@CYBERSPACEKITTENS.LOCAL,group,ENTERPRISE ADMINS@CYBERSPACEKITTENS.LOCAL,group,ExtendedRight,All,AccessAllowed,False
DOMAIN CONTROLLERS@CYBERSPACEKITTENS.LOCAL,group,Administrators@cyberspacekittens.local,GROUP,WriteOwner,,AccessAllowed,False
DOMAIN CONTROLLERS@CYBERSPACEKITTENS.LOCAL,group,Administrators@cyberspacekittens.local,GROUP,WriteDacl,,AccessAllowed,False
DOMAIN CONTROLLERS@CYBERSPACEKITTENS.LOCAL,group,Administrators@cyberspacekittens.local,GROUP,ExtendedRight,All,AccessAllowed,False
SCHEMA ADMINS@CYBERSPACEKITTENS.LOCAL,group,DOMAIN ADMINS@CYBERSPACEKITTENS.LOCAL,group,Owner,,AccessAllowed,False
SCHEMA ADMINS@CYBERSPACEKITTENS.LOCAL,group,DOMAIN ADMINS@CYBERSPACEKITTENS.LOCAL,group,WriteOwner,,AccessAllowed,False
SCHEMA ADMINS@CYBERSPACEKITTENS.LOCAL,group,DOMAIN ADMINS@CYBERSPACEKITTENS.LOCAL,group,WriteDacl,,AccessAllowed,False
SCHEMA ADMINS@CYBERSPACEKITTENS.LOCAL,group,DOMAIN ADMINS@CYBERSPACEKITTENS.LOCAL,group,ExtendedRight,All,AccessAllowed,False
SCHEMA ADMINS@CYBERSPACEKITTENS.LOCAL,group,ENTERPRISE ADMINS@CYBERSPACEKITTENS.LOCAL,group,WriteOwner,,AccessAllowed,False
SCHEMA ADMINS@CYBERSPACEKITTENS.LOCAL,group,ENTERPRISE ADMINS@CYBERSPACEKITTENS.LOCAL,group,WriteDacl,,AccessAllowed,False
SCHEMA ADMINS@CYBERSPACEKITTENS.LOCAL,group,ENTERPRISE ADMINS@CYBERSPACEKITTENS.LOCAL,group,ExtendedRight,All,AccessAllowed,False
SCHEMA ADMINS@CYBERSPACEKITTENS.LOCAL,group,Administrators@cyberspacekittens.local,GROUP,WriteOwner,,AccessAllowed,False
SCHEMA ADMINS@CYBERSPACEKITTENS.LOCAL,group,Administrators@cyberspacekittens.local,GROUP,WriteDacl,,AccessAllowed,False
SCHEMA ADMINS@CYBERSPACEKITTENS.LOCAL,group,Administrators@cyberspacekittens.local,GROUP,ExtendedRight,All,AccessAllowed,False
ENTERPRISE ADMINS@CYBERSPACEKITTENS.LOCAL,group,DOMAIN ADMINS@CYBERSPACEKITTENS.LOCAL,group,Owner,,AccessAllowed,False
ENTERPRISE ADMINS@CYBERSPACEKITTENS.LOCAL,group,DOMAIN ADMINS@CYBERSPACEKITTENS.LOCAL,group,WriteOwner,,AccessAllowed,False
ENTERPRISE ADMINS@CYBERSPACEKITTENS.LOCAL,group,DOMAIN ADMINS@CYBERSPACEKITTENS.LOCAL,group,WriteDacl,,AccessAllowed,False
ENTERPRISE ADMINS@CYBERSPACEKITTENS.LOCAL,group,DOMAIN ADMINS@CYBERSPACEKITTENS.LOCAL,group,ExtendedRight,All,AccessAllowed,False
ENTERPRISE ADMINS@CYBERSPACEKITTENS.LOCAL,group,ENTERPRISE ADMINS@CYBERSPACEKITTENS.LOCAL,group,WriteOwner,,AccessAllowed,False
ENTERPRISE ADMINS@CYBERSPACEKITTENS.LOCAL,group,ENTERPRISE ADMINS@CYBERSPACEKITTENS.LOCAL,group,WriteDacl,,AccessAllowed,False
ENTERPRISE ADMINS@CYBERSPACEKITTENS.LOCAL,group,ENTERPRISE ADMINS@CYBERSPACEKITTENS.LOCAL,group,ExtendedRight,All,AccessAllowed,False
ENTERPRISE ADMINS@CYBERSPACEKITTENS.LOCAL,group,Administrators@cyberspacekittens.local,GROUP,WriteOwner,,AccessAllowed,False
ENTERPRISE ADMINS@CYBERSPACEKITTENS.LOCAL,group,Administrators@cyberspacekittens.local,GROUP,WriteDacl,,AccessAllowed,False
ENTERPRISE ADMINS@CYBERSPACEKITTENS.LOCAL,group,Administrators@cyberspacekittens.local,GROUP,ExtendedRight,All,AccessAllowed,False
DOMAIN ADMINS@CYBERSPACEKITTENS.LOCAL,group,DOMAIN ADMINS@CYBERSPACEKITTENS.LOCAL,group,Owner,,AccessAllowed,False
DOMAIN ADMINS@CYBERSPACEKITTENS.LOCAL,group,DOMAIN ADMINS@CYBERSPACEKITTENS.LOCAL,group,WriteOwner,,AccessAllowed,False
DOMAIN ADMINS@CYBERSPACEKITTENS.LOCAL,group,DOMAIN ADMINS@CYBERSPACEKITTENS.LOCAL,group,WriteDacl,,AccessAllowed,False
DOMAIN ADMINS@CYBERSPACEKITTENS.LOCAL,group,DOMAIN ADMINS@CYBERSPACEKITTENS.LOCAL,group,ExtendedRight,All,AccessAllowed,False
DOMAIN ADMINS@CYBERSPACEKITTENS.LOCAL,group,ENTERPRISE ADMINS@CYBERSPACEKITTENS.LOCAL,group,WriteOwner,,AccessAllowed,False
DOMAIN ADMINS@CYBERSPACEKITTENS.LOCAL,group,ENTERPRISE ADMINS@CYBERSPACEKITTENS.LOCAL,group,WriteDacl,,AccessAllowed,False
DOMAIN ADMINS@CYBERSPACEKITTENS.LOCAL,group,ENTERPRISE ADMINS@CYBERSPACEKITTENS.LOCAL,group,ExtendedRight,All,AccessAllowed,False
DOMAIN ADMINS@CYBERSPACEKITTENS.LOCAL,group,Administrators@cyberspacekittens.local,GROUP,WriteOwner,,AccessAllowed,False
DOMAIN ADMINS@CYBERSPACEKITTENS.LOCAL,group,Administrators@cyberspacekittens.local,GROUP,WriteDacl,,AccessAllowed,False
DOMAIN ADMINS@CYBERSPACEKITTENS.LOCAL,group,Administrators@cyberspacekittens.local,GROUP,ExtendedRight,All,AccessAllowed,False
DOMAIN USERS@CYBERSPACEKITTENS.LOCAL,group,DOMAIN ADMINS@CYBERSPACEKITTENS.LOCAL,group,Owner,,AccessAllowed,False
DOMAIN USERS@CYBERSPACEKITTENS.LOCAL,group,DOMAIN ADMINS@CYBERSPACEKITTENS.LOCAL,group,GenericAll,,AccessAllowed,False
DOMAIN USERS@CYBERSPACEKITTENS.LOCAL,group,Account Operators@cyberspacekittens.local,GROUP,GenericAll,,AccessAllowed,False
DOMAIN USERS@CYBERSPACEKITTENS.LOCAL,group,ENTERPRISE ADMINS@CYBERSPACEKITTENS.LOCAL,group,GenericAll,,AccessAllowed,True
DOMAIN USERS@CYBERSPACEKITTENS.LOCAL,group,Administrators@cyberspacekittens.local,GROUP,WriteOwner,,AccessAllowed,True
DOMAIN USERS@CYBERSPACEKITTENS.LOCAL,group,Administrators@cyberspacekittens.local,GROUP,WriteDacl,,AccessAllowed,True
DOMAIN USERS@CYBERSPACEKITTENS.LOCAL,group,Administrators@cyberspacekittens.local,GROUP,ExtendedRight,All,AccessAllowed,True
DOMAIN GUESTS@CYBERSPACEKITTENS.LOCAL,group,DOMAIN ADMINS@CYBERSPACEKITTENS.LOCAL,group,Owner,,AccessAllowed,False
DOMAIN GUESTS@CYBERSPACEKITTENS.LOCAL,group,DOMAIN ADMINS@CYBERSPACEKITTENS.LOCAL,group,GenericAll,,AccessAllowed,False
DOMAIN GUESTS@CYBERSPACEKITTENS.LOCAL,group,Account Operators@cyberspacekittens.local,GROUP,GenericAll,,AccessAllowed,False
DOMAIN GUESTS@CYBERSPACEKITTENS.LOCAL,group,ENTERPRISE ADMINS@CYBERSPACEKITTENS.LOCAL,group,GenericAll,,AccessAllowed,True
DOMAIN GUESTS@CYBERSPACEKITTENS.LOCAL,group,Administrators@cyberspacekittens.local,GROUP,WriteOwner,,AccessAllowed,True
DOMAIN GUESTS@CYBERSPACEKITTENS.LOCAL,group,Administrators@cyberspacekittens.local,GROUP,WriteDacl,,AccessAllowed,True
DOMAIN GUESTS@CYBERSPACEKITTENS.LOCAL,group,Administrators@cyberspacekittens.local,GROUP,ExtendedRight,All,AccessAllowed,True
GROUP POLICY CREATOR OWNERS@CYBERSPACEKITTENS.LOCAL,group,DOMAIN ADMINS@CYBERSPACEKITTENS.LOCAL,group,Owner,,AccessAllowed,False
GROUP POLICY CREATOR OWNERS@CYBERSPACEKITTENS.LOCAL,group,DOMAIN ADMINS@CYBERSPACEKITTENS.LOCAL,group,GenericAll,,AccessAllowed,False
GROUP POLICY CREATOR OWNERS@CYBERSPACEKITTENS.LOCAL,group,Account Operators@cyberspacekittens.local,GROUP,GenericAll,,AccessAllowed,False
GROUP POLICY CREATOR OWNERS@CYBERSPACEKITTENS.LOCAL,group,ENTERPRISE ADMINS@CYBERSPACEKITTENS.LOCAL,group,GenericAll,,AccessAllowed,True
GROUP POLICY CREATOR OWNERS@CYBERSPACEKITTENS.LOCAL,group,Administrators@cyberspacekittens.local,GROUP,WriteOwner,,AccessAllowed,True
GROUP POLICY CREATOR OWNERS@CYBERSPACEKITTENS.LOCAL,group,Administrators@cyberspacekittens.local,GROUP,WriteDacl,,AccessAllowed,True
GROUP POLICY CREATOR OWNERS@CYBERSPACEKITTENS.LOCAL,group,Administrators@cyberspacekittens.local,GROUP,ExtendedRight,All,AccessAllowed,True
READ-ONLY DOMAIN CONTROLLERS@CYBERSPACEKITTENS.LOCAL,group,DOMAIN ADMINS@CYBERSPACEKITTENS.LOCAL,group,Owner,,AccessAllowed,False
READ-ONLY DOMAIN CONTROLLERS@CYBERSPACEKITTENS.LOCAL,group,DOMAIN ADMINS@CYBERSPACEKITTENS.LOCAL,group,WriteOwner,,AccessAllowed,False
READ-ONLY DOMAIN CONTROLLERS@CYBERSPACEKITTENS.LOCAL,group,DOMAIN ADMINS@CYBERSPACEKITTENS.LOCAL,group,WriteDacl,,AccessAllowed,False
READ-ONLY DOMAIN CONTROLLERS@CYBERSPACEKITTENS.LOCAL,group,DOMAIN ADMINS@CYBERSPACEKITTENS.LOCAL,group,ExtendedRight,All,AccessAllowed,False
READ-ONLY DOMAIN CONTROLLERS@CYBERSPACEKITTENS.LOCAL,group,ENTERPRISE ADMINS@CYBERSPACEKITTENS.LOCAL,group,WriteOwner,,AccessAllowed,False
READ-ONLY DOMAIN CONTROLLERS@CYBERSPACEKITTENS.LOCAL,group,ENTERPRISE ADMINS@CYBERSPACEKITTENS.LOCAL,group,WriteDacl,,AccessAllowed,False
READ-ONLY DOMAIN CONTROLLERS@CYBERSPACEKITTENS.LOCAL,group,ENTERPRISE ADMINS@CYBERSPACEKITTENS.LOCAL,group,ExtendedRight,All,AccessAllowed,False
READ-ONLY DOMAIN CONTROLLERS@CYBERSPACEKITTENS.LOCAL,group,Administrators@cyberspacekittens.local,GROUP,WriteOwner,,AccessAllowed,False
READ-ONLY DOMAIN CONTROLLERS@CYBERSPACEKITTENS.LOCAL,group,Administrators@cyberspacekittens.local,GROUP,WriteDacl,,AccessAllowed,False
READ-ONLY DOMAIN CONTROLLERS@CYBERSPACEKITTENS.LOCAL,group,Administrators@cyberspacekittens.local,GROUP,ExtendedRight,All,AccessAllowed,False
ENTERPRISE READ-ONLY DOMAIN CONTROLLERS@CYBERSPACEKITTENS.LOCAL,group,DOMAIN ADMINS@CYBERSPACEKITTENS.LOCAL,group,Owner,,AccessAllowed,False
ENTERPRISE READ-ONLY DOMAIN CONTROLLERS@CYBERSPACEKITTENS.LOCAL,group,DOMAIN ADMINS@CYBERSPACEKITTENS.LOCAL,group,GenericAll,,AccessAllowed,False
ENTERPRISE READ-ONLY DOMAIN CONTROLLERS@CYBERSPACEKITTENS.LOCAL,group,Account Operators@cyberspacekittens.local,GROUP,GenericAll,,AccessAllowed,False
ENTERPRISE READ-ONLY DOMAIN CONTROLLERS@CYBERSPACEKITTENS.LOCAL,group,ENTERPRISE ADMINS@CYBERSPACEKITTENS.LOCAL,group,GenericAll,,AccessAllowed,True
ENTERPRISE READ-ONLY DOMAIN CONTROLLERS@CYBERSPACEKITTENS.LOCAL,group,Administrators@cyberspacekittens.local,GROUP,WriteOwner,,AccessAllowed,True
ENTERPRISE READ-ONLY DOMAIN CONTROLLERS@CYBERSPACEKITTENS.LOCAL,group,Administrators@cyberspacekittens.local,GROUP,WriteDacl,,AccessAllowed,True
ENTERPRISE READ-ONLY DOMAIN CONTROLLERS@CYBERSPACEKITTENS.LOCAL,group,Administrators@cyberspacekittens.local,GROUP,ExtendedRight,All,AccessAllowed,True
CLONEABLE DOMAIN CONTROLLERS@CYBERSPACEKITTENS.LOCAL,group,DOMAIN ADMINS@CYBERSPACEKITTENS.LOCAL,group,Owner,,AccessAllowed,False
CLONEABLE DOMAIN CONTROLLERS@CYBERSPACEKITTENS.LOCAL,group,DOMAIN ADMINS@CYBERSPACEKITTENS.LOCAL,group,GenericAll,,AccessAllowed,False
CLONEABLE DOMAIN CONTROLLERS@CYBERSPACEKITTENS.LOCAL,group,Account Operators@cyberspacekittens.local,GROUP,GenericAll,,AccessAllowed,False
CLONEABLE DOMAIN CONTROLLERS@CYBERSPACEKITTENS.LOCAL,group,ENTERPRISE ADMINS@CYBERSPACEKITTENS.LOCAL,group,GenericAll,,AccessAllowed,True
CLONEABLE DOMAIN CONTROLLERS@CYBERSPACEKITTENS.LOCAL,group,Administrators@cyberspacekittens.local,GROUP,WriteOwner,,AccessAllowed,True
CLONEABLE DOMAIN CONTROLLERS@CYBERSPACEKITTENS.LOCAL,group,Administrators@cyberspacekittens.local,GROUP,WriteDacl,,AccessAllowed,True
CLONEABLE DOMAIN CONTROLLERS@CYBERSPACEKITTENS.LOCAL,group,Administrators@cyberspacekittens.local,GROUP,ExtendedRight,All,AccessAllowed,True
PROTECTED USERS@CYBERSPACEKITTENS.LOCAL,group,DOMAIN ADMINS@CYBERSPACEKITTENS.LOCAL,group,Owner,,AccessAllowed,False
PROTECTED USERS@CYBERSPACEKITTENS.LOCAL,group,DOMAIN ADMINS@CYBERSPACEKITTENS.LOCAL,group,GenericAll,,AccessAllowed,False
PROTECTED USERS@CYBERSPACEKITTENS.LOCAL,group,Account Operators@cyberspacekittens.local,GROUP,GenericAll,,AccessAllowed,False
PROTECTED USERS@CYBERSPACEKITTENS.LOCAL,group,ENTERPRISE ADMINS@CYBERSPACEKITTENS.LOCAL,group,GenericAll,,AccessAllowed,True
PROTECTED USERS@CYBERSPACEKITTENS.LOCAL,group,Administrators@cyberspacekittens.local,GROUP,WriteOwner,,AccessAllowed,True
PROTECTED USERS@CYBERSPACEKITTENS.LOCAL,group,Administrators@cyberspacekittens.local,GROUP,WriteDacl,,AccessAllowed,True
PROTECTED USERS@CYBERSPACEKITTENS.LOCAL,group,Administrators@cyberspacekittens.local,GROUP,ExtendedRight,All,AccessAllowed,True
KEY ADMINS@CYBERSPACEKITTENS.LOCAL,group,DOMAIN ADMINS@CYBERSPACEKITTENS.LOCAL,group,Owner,,AccessAllowed,False
KEY ADMINS@CYBERSPACEKITTENS.LOCAL,group,DOMAIN ADMINS@CYBERSPACEKITTENS.LOCAL,group,GenericAll,,AccessAllowed,False
KEY ADMINS@CYBERSPACEKITTENS.LOCAL,group,Account Operators@cyberspacekittens.local,GROUP,GenericAll,,AccessAllowed,False
KEY ADMINS@CYBERSPACEKITTENS.LOCAL,group,ENTERPRISE ADMINS@CYBERSPACEKITTENS.LOCAL,group,GenericAll,,AccessAllowed,True
KEY ADMINS@CYBERSPACEKITTENS.LOCAL,group,Administrators@cyberspacekittens.local,GROUP,WriteOwner,,AccessAllowed,True
KEY ADMINS@CYBERSPACEKITTENS.LOCAL,group,Administrators@cyberspacekittens.local,GROUP,WriteDacl,,AccessAllowed,True
KEY ADMINS@CYBERSPACEKITTENS.LOCAL,group,Administrators@cyberspacekittens.local,GROUP,ExtendedRight,All,AccessAllowed,True
ENTERPRISE KEY ADMINS@CYBERSPACEKITTENS.LOCAL,group,DOMAIN ADMINS@CYBERSPACEKITTENS.LOCAL,group,Owner,,AccessAllowed,False
ENTERPRISE KEY ADMINS@CYBERSPACEKITTENS.LOCAL,group,DOMAIN ADMINS@CYBERSPACEKITTENS.LOCAL,group,GenericAll,,AccessAllowed,False
ENTERPRISE KEY ADMINS@CYBERSPACEKITTENS.LOCAL,group,Account Operators@cyberspacekittens.local,GROUP,GenericAll,,AccessAllowed,False
ENTERPRISE KEY ADMINS@CYBERSPACEKITTENS.LOCAL,group,ENTERPRISE ADMINS@CYBERSPACEKITTENS.LOCAL,group,GenericAll,,AccessAllowed,True
ENTERPRISE KEY ADMINS@CYBERSPACEKITTENS.LOCAL,group,Administrators@cyberspacekittens.local,GROUP,WriteOwner,,AccessAllowed,True
ENTERPRISE KEY ADMINS@CYBERSPACEKITTENS.LOCAL,group,Administrators@cyberspacekittens.local,GROUP,WriteDacl,,AccessAllowed,True
ENTERPRISE KEY ADMINS@CYBERSPACEKITTENS.LOCAL,group,Administrators@cyberspacekittens.local,GROUP,ExtendedRight,All,AccessAllowed,True
DNSUPDATEPROXY@CYBERSPACEKITTENS.LOCAL,group,DOMAIN ADMINS@CYBERSPACEKITTENS.LOCAL,group,GenericAll,,AccessAllowed,False
DNSUPDATEPROXY@CYBERSPACEKITTENS.LOCAL,group,Account Operators@cyberspacekittens.local,GROUP,GenericAll,,AccessAllowed,False
DNSUPDATEPROXY@CYBERSPACEKITTENS.LOCAL,group,ENTERPRISE ADMINS@CYBERSPACEKITTENS.LOCAL,group,GenericAll,,AccessAllowed,True
DNSUPDATEPROXY@CYBERSPACEKITTENS.LOCAL,group,Administrators@cyberspacekittens.local,GROUP,WriteOwner,,AccessAllowed,True
DNSUPDATEPROXY@CYBERSPACEKITTENS.LOCAL,group,Administrators@cyberspacekittens.local,GROUP,WriteDacl,,AccessAllowed,True
DNSUPDATEPROXY@CYBERSPACEKITTENS.LOCAL,group,Administrators@cyberspacekittens.local,GROUP,ExtendedRight,All,AccessAllowed,True
SPACE@CYBERSPACEKITTENS.LOCAL,group,ELON.MUSKKAT@CYBERSPACEKITTENS.LOCAL,user,Owner,,AccessAllowed,False
SPACE@CYBERSPACEKITTENS.LOCAL,group,DOMAIN ADMINS@CYBERSPACEKITTENS.LOCAL,group,GenericAll,,AccessAllowed,False
SPACE@CYBERSPACEKITTENS.LOCAL,group,Account Operators@cyberspacekittens.local,GROUP,GenericAll,,AccessAllowed,False
SPACE@CYBERSPACEKITTENS.LOCAL,group,ENTERPRISE ADMINS@CYBERSPACEKITTENS.LOCAL,group,GenericAll,,AccessAllowed,True
SPACE@CYBERSPACEKITTENS.LOCAL,group,Administrators@cyberspacekittens.local,GROUP,WriteOwner,,AccessAllowed,True
SPACE@CYBERSPACEKITTENS.LOCAL,group,Administrators@cyberspacekittens.local,GROUP,WriteDacl,,AccessAllowed,True
SPACE@CYBERSPACEKITTENS.LOCAL,group,Administrators@cyberspacekittens.local,GROUP,ExtendedRight,All,AccessAllowed,True
HELPDESK@CYBERSPACEKITTENS.LOCAL,group,ELON.MUSKKAT@CYBERSPACEKITTENS.LOCAL,user,Owner,,AccessAllowed,False
HELPDESK@CYBERSPACEKITTENS.LOCAL,group,DOMAIN ADMINS@CYBERSPACEKITTENS.LOCAL,group,GenericAll,,AccessAllowed,False
HELPDESK@CYBERSPACEKITTENS.LOCAL,group,Account Operators@cyberspacekittens.local,GROUP,GenericAll,,AccessAllowed,False
HELPDESK@CYBERSPACEKITTENS.LOCAL,group,ENTERPRISE ADMINS@CYBERSPACEKITTENS.LOCAL,group,GenericAll,,AccessAllowed,True
HELPDESK@CYBERSPACEKITTENS.LOCAL,group,Administrators@cyberspacekittens.local,GROUP,WriteOwner,,AccessAllowed,True
HELPDESK@CYBERSPACEKITTENS.LOCAL,group,Administrators@cyberspacekittens.local,GROUP,WriteDacl,,AccessAllowed,True
HELPDESK@CYBERSPACEKITTENS.LOCAL,group,Administrators@cyberspacekittens.local,GROUP,ExtendedRight,All,AccessAllowed,True
LAB@CYBERSPACEKITTENS.LOCAL,group,ELON.MUSKKAT@CYBERSPACEKITTENS.LOCAL,user,Owner,,AccessAllowed,False
LAB@CYBERSPACEKITTENS.LOCAL,group,DOMAIN ADMINS@CYBERSPACEKITTENS.LOCAL,group,GenericAll,,AccessAllowed,False
LAB@CYBERSPACEKITTENS.LOCAL,group,Account Operators@cyberspacekittens.local,GROUP,GenericAll,,AccessAllowed,False
LAB@CYBERSPACEKITTENS.LOCAL,group,ENTERPRISE ADMINS@CYBERSPACEKITTENS.LOCAL,group,GenericAll,,AccessAllowed,True
LAB@CYBERSPACEKITTENS.LOCAL,group,Administrators@cyberspacekittens.local,GROUP,WriteOwner,,AccessAllowed,True
LAB@CYBERSPACEKITTENS.LOCAL,group,Administrators@cyberspacekittens.local,GROUP,WriteDacl,,AccessAllowed,True
LAB@CYBERSPACEKITTENS.LOCAL,group,Administrators@cyberspacekittens.local,GROUP,ExtendedRight,All,AccessAllowed,True
ADMINISTRATOR@CYBERSPACEKITTENS.LOCAL,user,DOMAIN ADMINS@CYBERSPACEKITTENS.LOCAL,group,Owner,,AccessAllowed,False
ADMINISTRATOR@CYBERSPACEKITTENS.LOCAL,user,DOMAIN ADMINS@CYBERSPACEKITTENS.LOCAL,group,WriteOwner,,AccessAllowed,False
ADMINISTRATOR@CYBERSPACEKITTENS.LOCAL,user,DOMAIN ADMINS@CYBERSPACEKITTENS.LOCAL,group,WriteDacl,,AccessAllowed,False
ADMINISTRATOR@CYBERSPACEKITTENS.LOCAL,user,DOMAIN ADMINS@CYBERSPACEKITTENS.LOCAL,group,ExtendedRight,All,AccessAllowed,False
ADMINISTRATOR@CYBERSPACEKITTENS.LOCAL,user,ENTERPRISE ADMINS@CYBERSPACEKITTENS.LOCAL,group,WriteOwner,,AccessAllowed,False
ADMINISTRATOR@CYBERSPACEKITTENS.LOCAL,user,ENTERPRISE ADMINS@CYBERSPACEKITTENS.LOCAL,group,WriteDacl,,AccessAllowed,False
ADMINISTRATOR@CYBERSPACEKITTENS.LOCAL,user,ENTERPRISE ADMINS@CYBERSPACEKITTENS.LOCAL,group,ExtendedRight,All,AccessAllowed,False
ADMINISTRATOR@CYBERSPACEKITTENS.LOCAL,user,Administrators@cyberspacekittens.local,GROUP,WriteOwner,,AccessAllowed,False
ADMINISTRATOR@CYBERSPACEKITTENS.LOCAL,user,Administrators@cyberspacekittens.local,GROUP,WriteDacl,,AccessAllowed,False
ADMINISTRATOR@CYBERSPACEKITTENS.LOCAL,user,Administrators@cyberspacekittens.local,GROUP,ExtendedRight,All,AccessAllowed,False
GUEST@CYBERSPACEKITTENS.LOCAL,user,Administrators@cyberspacekittens.local,GROUP,Owner,,AccessAllowed,False
DEFAULTACCOUNT@CYBERSPACEKITTENS.LOCAL,user,Administrators@cyberspacekittens.local,GROUP,Owner,,AccessAllowed,False
ELON.MUSKKAT@CYBERSPACEKITTENS.LOCAL,user,DOMAIN ADMINS@CYBERSPACEKITTENS.LOCAL,group,Owner,,AccessAllowed,False
ELON.MUSKKAT@CYBERSPACEKITTENS.LOCAL,user,DOMAIN ADMINS@CYBERSPACEKITTENS.LOCAL,group,WriteOwner,,AccessAllowed,False
ELON.MUSKKAT@CYBERSPACEKITTENS.LOCAL,user,DOMAIN ADMINS@CYBERSPACEKITTENS.LOCAL,group,WriteDacl,,AccessAllowed,False
ELON.MUSKKAT@CYBERSPACEKITTENS.LOCAL,user,DOMAIN ADMINS@CYBERSPACEKITTENS.LOCAL,group,ExtendedRight,All,AccessAllowed,False
ELON.MUSKKAT@CYBERSPACEKITTENS.LOCAL,user,ENTERPRISE ADMINS@CYBERSPACEKITTENS.LOCAL,group,WriteOwner,,AccessAllowed,False
ELON.MUSKKAT@CYBERSPACEKITTENS.LOCAL,user,ENTERPRISE ADMINS@CYBERSPACEKITTENS.LOCAL,group,WriteDacl,,AccessAllowed,False
ELON.MUSKKAT@CYBERSPACEKITTENS.LOCAL,user,ENTERPRISE ADMINS@CYBERSPACEKITTENS.LOCAL,group,ExtendedRight,All,AccessAllowed,False
ELON.MUSKKAT@CYBERSPACEKITTENS.LOCAL,user,Administrators@cyberspacekittens.local,GROUP,WriteOwner,,AccessAllowed,False
ELON.MUSKKAT@CYBERSPACEKITTENS.LOCAL,user,Administrators@cyberspacekittens.local,GROUP,WriteDacl,,AccessAllowed,False
ELON.MUSKKAT@CYBERSPACEKITTENS.LOCAL,user,Administrators@cyberspacekittens.local,GROUP,ExtendedRight,All,AccessAllowed,False
KRBTGT@CYBERSPACEKITTENS.LOCAL,user,DOMAIN ADMINS@CYBERSPACEKITTENS.LOCAL,group,Owner,,AccessAllowed,False
KRBTGT@CYBERSPACEKITTENS.LOCAL,user,DOMAIN ADMINS@CYBERSPACEKITTENS.LOCAL,group,WriteOwner,,AccessAllowed,False
KRBTGT@CYBERSPACEKITTENS.LOCAL,user,DOMAIN ADMINS@CYBERSPACEKITTENS.LOCAL,group,WriteDacl,,AccessAllowed,False
KRBTGT@CYBERSPACEKITTENS.LOCAL,user,DOMAIN ADMINS@CYBERSPACEKITTENS.LOCAL,group,ExtendedRight,All,AccessAllowed,False
KRBTGT@CYBERSPACEKITTENS.LOCAL,user,ENTERPRISE ADMINS@CYBERSPACEKITTENS.LOCAL,group,WriteOwner,,AccessAllowed,False
KRBTGT@CYBERSPACEKITTENS.LOCAL,user,ENTERPRISE ADMINS@CYBERSPACEKITTENS.LOCAL,group,WriteDacl,,AccessAllowed,False
KRBTGT@CYBERSPACEKITTENS.LOCAL,user,ENTERPRISE ADMINS@CYBERSPACEKITTENS.LOCAL,group,ExtendedRight,All,AccessAllowed,False
KRBTGT@CYBERSPACEKITTENS.LOCAL,user,Administrators@cyberspacekittens.local,GROUP,WriteOwner,,AccessAllowed,False
KRBTGT@CYBERSPACEKITTENS.LOCAL,user,Administrators@cyberspacekittens.local,GROUP,WriteDacl,,AccessAllowed,False
KRBTGT@CYBERSPACEKITTENS.LOCAL,user,Administrators@cyberspacekittens.local,GROUP,ExtendedRight,All,AccessAllowed,False
NEIL.PAWSTRONG@CYBERSPACEKITTENS.LOCAL,user,ELON.MUSKKAT@CYBERSPACEKITTENS.LOCAL,user,Owner,,AccessAllowed,False
BUZZ.CLAWDRIN@CYBERSPACEKITTENS.LOCAL,user,ELON.MUSKKAT@CYBERSPACEKITTENS.LOCAL,user,Owner,,AccessAllowed,False
KITTY.RIDE@CYBERSPACEKITTENS.LOCAL,user,ELON.MUSKKAT@CYBERSPACEKITTENS.LOCAL,user,Owner,,AccessAllowed,False
PURRI.GAGARIN@CYBERSPACEKITTENS.LOCAL,user,ELON.MUSKKAT@CYBERSPACEKITTENS.LOCAL,user,Owner,,AccessAllowed,False
CHRIS.CATFIELD@CYBERSPACEKITTENS.LOCAL,user,ELON.MUSKKAT@CYBERSPACEKITTENS.LOCAL,user,Owner,,AccessAllowed,False
KATE@CYBERSPACEKITTENS.LOCAL,user,DOMAIN ADMINS@CYBERSPACEKITTENS.LOCAL,group,Owner,,AccessAllowed,False
KATE@CYBERSPACEKITTENS.LOCAL,user,DOMAIN ADMINS@CYBERSPACEKITTENS.LOCAL,group,WriteOwner,,AccessAllowed,False
KATE@CYBERSPACEKITTENS.LOCAL,user,DOMAIN ADMINS@CYBERSPACEKITTENS.LOCAL,group,WriteDacl,,AccessAllowed,False
KATE@CYBERSPACEKITTENS.LOCAL,user,DOMAIN ADMINS@CYBERSPACEKITTENS.LOCAL,group,ExtendedRight,All,AccessAllowed,False
KATE@CYBERSPACEKITTENS.LOCAL,user,ENTERPRISE ADMINS@CYBERSPACEKITTENS.LOCAL,group,WriteOwner,,AccessAllowed,False
KATE@CYBERSPACEKITTENS.LOCAL,user,ENTERPRISE ADMINS@CYBERSPACEKITTENS.LOCAL,group,WriteDacl,,AccessAllowed,False
KATE@CYBERSPACEKITTENS.LOCAL,user,ENTERPRISE ADMINS@CYBERSPACEKITTENS.LOCAL,group,ExtendedRight,All,AccessAllowed,False
KATE@CYBERSPACEKITTENS.LOCAL,user,Administrators@cyberspacekittens.local,GROUP,WriteOwner,,AccessAllowed,False
KATE@CYBERSPACEKITTENS.LOCAL,user,Administrators@cyberspacekittens.local,GROUP,WriteDacl,,AccessAllowed,False
KATE@CYBERSPACEKITTENS.LOCAL,user,Administrators@cyberspacekittens.local,GROUP,ExtendedRight,All,AccessAllowed,False
DADE@CYBERSPACEKITTENS.LOCAL,user,DOMAIN ADMINS@CYBERSPACEKITTENS.LOCAL,group,Owner,,AccessAllowed,False
DADE@CYBERSPACEKITTENS.LOCAL,user,DOMAIN ADMINS@CYBERSPACEKITTENS.LOCAL,group,WriteOwner,,AccessAllowed,False
DADE@CYBERSPACEKITTENS.LOCAL,user,DOMAIN ADMINS@CYBERSPACEKITTENS.LOCAL,group,WriteDacl,,AccessAllowed,False
DADE@CYBERSPACEKITTENS.LOCAL,user,DOMAIN ADMINS@CYBERSPACEKITTENS.LOCAL,group,ExtendedRight,All,AccessAllowed,False
DADE@CYBERSPACEKITTENS.LOCAL,user,ENTERPRISE ADMINS@CYBERSPACEKITTENS.LOCAL,group,WriteOwner,,AccessAllowed,False
DADE@CYBERSPACEKITTENS.LOCAL,user,ENTERPRISE ADMINS@CYBERSPACEKITTENS.LOCAL,group,WriteDacl,,AccessAllowed,False
DADE@CYBERSPACEKITTENS.LOCAL,user,ENTERPRISE ADMINS@CYBERSPACEKITTENS.LOCAL,group,ExtendedRight,All,AccessAllowed,False
DADE@CYBERSPACEKITTENS.LOCAL,user,Administrators@cyberspacekittens.local,GROUP,WriteOwner,,AccessAllowed,False
DADE@CYBERSPACEKITTENS.LOCAL,user,Administrators@cyberspacekittens.local,GROUP,WriteDacl,,AccessAllowed,False
DADE@CYBERSPACEKITTENS.LOCAL,user,Administrators@cyberspacekittens.local,GROUP,ExtendedRight,All,AccessAllowed,False
CSK-GITHUB@CYBERSPACEKITTENS.LOCAL,user,DOMAIN ADMINS@CYBERSPACEKITTENS.LOCAL,group,Owner,,AccessAllowed,False
GUEST@CYBERSPACEKITTENS.LOCAL,user,DOMAIN ADMINS@CYBERSPACEKITTENS.LOCAL,group,GenericAll,,AccessAllowed,False
GUEST@CYBERSPACEKITTENS.LOCAL,user,Account Operators@cyberspacekittens.local,GROUP,GenericAll,,AccessAllowed,False
GUEST@CYBERSPACEKITTENS.LOCAL,user,ENTERPRISE ADMINS@CYBERSPACEKITTENS.LOCAL,group,GenericAll,,AccessAllowed,True
GUEST@CYBERSPACEKITTENS.LOCAL,user,Administrators@cyberspacekittens.local,GROUP,WriteOwner,,AccessAllowed,True
GUEST@CYBERSPACEKITTENS.LOCAL,user,Administrators@cyberspacekittens.local,GROUP,WriteDacl,,AccessAllowed,True
GUEST@CYBERSPACEKITTENS.LOCAL,user,Administrators@cyberspacekittens.local,GROUP,ExtendedRight,All,AccessAllowed,True
cyberspacekittens.local,domain,Administrators@cyberspacekittens.local,GROUP,Owner,,AccessAllowed,False
DEFAULTACCOUNT@CYBERSPACEKITTENS.LOCAL,user,DOMAIN ADMINS@CYBERSPACEKITTENS.LOCAL,group,GenericAll,,AccessAllowed,False
DEFAULTACCOUNT@CYBERSPACEKITTENS.LOCAL,user,Account Operators@cyberspacekittens.local,GROUP,GenericAll,,AccessAllowed,False
DEFAULTACCOUNT@CYBERSPACEKITTENS.LOCAL,user,ENTERPRISE ADMINS@CYBERSPACEKITTENS.LOCAL,group,GenericAll,,AccessAllowed,True
DEFAULTACCOUNT@CYBERSPACEKITTENS.LOCAL,user,Administrators@cyberspacekittens.local,GROUP,WriteOwner,,AccessAllowed,True
DEFAULTACCOUNT@CYBERSPACEKITTENS.LOCAL,user,Administrators@cyberspacekittens.local,GROUP,WriteDacl,,AccessAllowed,True
DEFAULTACCOUNT@CYBERSPACEKITTENS.LOCAL,user,Administrators@cyberspacekittens.local,GROUP,ExtendedRight,All,AccessAllowed,True
NEIL.PAWSTRONG@CYBERSPACEKITTENS.LOCAL,user,DOMAIN ADMINS@CYBERSPACEKITTENS.LOCAL,group,GenericAll,,AccessAllowed,False
NEIL.PAWSTRONG@CYBERSPACEKITTENS.LOCAL,user,Account Operators@cyberspacekittens.local,GROUP,GenericAll,,AccessAllowed,False
NEIL.PAWSTRONG@CYBERSPACEKITTENS.LOCAL,user,ENTERPRISE ADMINS@CYBERSPACEKITTENS.LOCAL,group,GenericAll,,AccessAllowed,True
NEIL.PAWSTRONG@CYBERSPACEKITTENS.LOCAL,user,Administrators@cyberspacekittens.local,GROUP,WriteOwner,,AccessAllowed,True
NEIL.PAWSTRONG@CYBERSPACEKITTENS.LOCAL,user,Administrators@cyberspacekittens.local,GROUP,WriteDacl,,AccessAllowed,True
NEIL.PAWSTRONG@CYBERSPACEKITTENS.LOCAL,user,Administrators@cyberspacekittens.local,GROUP,ExtendedRight,All,AccessAllowed,True
BUZZ.CLAWDRIN@CYBERSPACEKITTENS.LOCAL,user,DOMAIN ADMINS@CYBERSPACEKITTENS.LOCAL,group,GenericAll,,AccessAllowed,False
BUZZ.CLAWDRIN@CYBERSPACEKITTENS.LOCAL,user,Account Operators@cyberspacekittens.local,GROUP,GenericAll,,AccessAllowed,False
BUZZ.CLAWDRIN@CYBERSPACEKITTENS.LOCAL,user,ENTERPRISE ADMINS@CYBERSPACEKITTENS.LOCAL,group,GenericAll,,AccessAllowed,True
BUZZ.CLAWDRIN@CYBERSPACEKITTENS.LOCAL,user,Administrators@cyberspacekittens.local,GROUP,WriteOwner,,AccessAllowed,True
BUZZ.CLAWDRIN@CYBERSPACEKITTENS.LOCAL,user,Administrators@cyberspacekittens.local,GROUP,WriteDacl,,AccessAllowed,True
BUZZ.CLAWDRIN@CYBERSPACEKITTENS.LOCAL,user,Administrators@cyberspacekittens.local,GROUP,ExtendedRight,All,AccessAllowed,True
KITTY.RIDE@CYBERSPACEKITTENS.LOCAL,user,DOMAIN ADMINS@CYBERSPACEKITTENS.LOCAL,group,GenericAll,,AccessAllowed,False
KITTY.RIDE@CYBERSPACEKITTENS.LOCAL,user,Account Operators@cyberspacekittens.local,GROUP,GenericAll,,AccessAllowed,False
KITTY.RIDE@CYBERSPACEKITTENS.LOCAL,user,ENTERPRISE ADMINS@CYBERSPACEKITTENS.LOCAL,group,GenericAll,,AccessAllowed,True
KITTY.RIDE@CYBERSPACEKITTENS.LOCAL,user,Administrators@cyberspacekittens.local,GROUP,WriteOwner,,AccessAllowed,True
KITTY.RIDE@CYBERSPACEKITTENS.LOCAL,user,Administrators@cyberspacekittens.local,GROUP,WriteDacl,,AccessAllowed,True
KITTY.RIDE@CYBERSPACEKITTENS.LOCAL,user,Administrators@cyberspacekittens.local,GROUP,ExtendedRight,All,AccessAllowed,True
PURRI.GAGARIN@CYBERSPACEKITTENS.LOCAL,user,DOMAIN ADMINS@CYBERSPACEKITTENS.LOCAL,group,GenericAll,,AccessAllowed,False
PURRI.GAGARIN@CYBERSPACEKITTENS.LOCAL,user,Account Operators@cyberspacekittens.local,GROUP,GenericAll,,AccessAllowed,False
PURRI.GAGARIN@CYBERSPACEKITTENS.LOCAL,user,ENTERPRISE ADMINS@CYBERSPACEKITTENS.LOCAL,group,GenericAll,,AccessAllowed,True
PURRI.GAGARIN@CYBERSPACEKITTENS.LOCAL,user,Administrators@cyberspacekittens.local,GROUP,WriteOwner,,AccessAllowed,True
PURRI.GAGARIN@CYBERSPACEKITTENS.LOCAL,user,Administrators@cyberspacekittens.local,GROUP,WriteDacl,,AccessAllowed,True
PURRI.GAGARIN@CYBERSPACEKITTENS.LOCAL,user,Administrators@cyberspacekittens.local,GROUP,ExtendedRight,All,AccessAllowed,True
CHRIS.CATFIELD@CYBERSPACEKITTENS.LOCAL,user,DOMAIN ADMINS@CYBERSPACEKITTENS.LOCAL,group,GenericAll,,AccessAllowed,False
CHRIS.CATFIELD@CYBERSPACEKITTENS.LOCAL,user,Account Operators@cyberspacekittens.local,GROUP,GenericAll,,AccessAllowed,False
CHRIS.CATFIELD@CYBERSPACEKITTENS.LOCAL,user,ENTERPRISE ADMINS@CYBERSPACEKITTENS.LOCAL,group,GenericAll,,AccessAllowed,True
CHRIS.CATFIELD@CYBERSPACEKITTENS.LOCAL,user,Administrators@cyberspacekittens.local,GROUP,WriteOwner,,AccessAllowed,True
CHRIS.CATFIELD@CYBERSPACEKITTENS.LOCAL,user,Administrators@cyberspacekittens.local,GROUP,WriteDacl,,AccessAllowed,True
CHRIS.CATFIELD@CYBERSPACEKITTENS.LOCAL,user,Administrators@cyberspacekittens.local,GROUP,ExtendedRight,All,AccessAllowed,True
CSK-GITHUB@CYBERSPACEKITTENS.LOCAL,user,DOMAIN ADMINS@CYBERSPACEKITTENS.LOCAL,group,GenericAll,,AccessAllowed,False
CSK-GITHUB@CYBERSPACEKITTENS.LOCAL,user,Account Operators@cyberspacekittens.local,GROUP,GenericAll,,AccessAllowed,False
CSK-GITHUB@CYBERSPACEKITTENS.LOCAL,user,ENTERPRISE ADMINS@CYBERSPACEKITTENS.LOCAL,group,GenericAll,,AccessAllowed,True
CSK-GITHUB@CYBERSPACEKITTENS.LOCAL,user,Administrators@cyberspacekittens.local,GROUP,WriteOwner,,AccessAllowed,True
CSK-GITHUB@CYBERSPACEKITTENS.LOCAL,user,Administrators@cyberspacekittens.local,GROUP,WriteDacl,,AccessAllowed,True
CSK-GITHUB@CYBERSPACEKITTENS.LOCAL,user,Administrators@cyberspacekittens.local,GROUP,ExtendedRight,All,AccessAllowed,True
cyberspacekittens.local,domain,DOMAIN ADMINS@CYBERSPACEKITTENS.LOCAL,group,WriteOwner,,AccessAllowed,False
cyberspacekittens.local,domain,DOMAIN ADMINS@CYBERSPACEKITTENS.LOCAL,group,WriteDacl,,AccessAllowed,False
cyberspacekittens.local,domain,DOMAIN ADMINS@CYBERSPACEKITTENS.LOCAL,group,ExtendedRight,All,AccessAllowed,False
cyberspacekittens.local,domain,ENTERPRISE ADMINS@CYBERSPACEKITTENS.LOCAL,group,GenericAll,,AccessAllowed,False
cyberspacekittens.local,domain,Administrators@cyberspacekittens.local,GROUP,WriteOwner,,AccessAllowed,False
cyberspacekittens.local,domain,Administrators@cyberspacekittens.local,GROUP,WriteDacl,,AccessAllowed,False
cyberspacekittens.local,domain,Administrators@cyberspacekittens.local,GROUP,ExtendedRight,All,AccessAllowed,False
cyberspacekittens.local,domain,Administrators@cyberspacekittens.local,GROUP,ExtendedRight,DCSync,,False
cyberspacekittens.local,domain,DOMAIN ADMINS@CYBERSPACEKITTENS.LOCAL,group,ExtendedRight,DCSync,,False
